{
  "robertson": {
    "variant": "robertson",
    "k1": 2.0,
    "b": 0.5,
    "delta": null,
    "metrics": {
      "precision@1": 0.74,
      "recall@1": 0.06238872238872239,
      "ndcg@1": 0.7066666666666667,
      "precision@3": 0.62,
      "recall@3": 0.15601110001110002,
      "ndcg@3": 0.6341808258744017,
      "precision@5": 0.5,
      "recall@5": 0.21076379176379179,
      "ndcg@5": 0.5638728345569846,
      "precision@10": 0.366,
      "recall@10": 0.30645443445443443,
      "ndcg@10": 0.4951798057490335,
      "precision@100": 0.07919999999999999,
      "recall@100": 0.656943944943945,
      "ndcg@100": 0.6328999735631214,
      "precision@1000": 0.01054,
      "recall@1000": 0.8632101232101231,
      "ndcg@1000": 0.6762984999166796,
      "mrr@10": 0.835,
      "map": 0.3371538183946183
    },
    "primary_score": 0.3371538183946183
  },
  "lucene": {
    "variant": "lucene",
    "k1": 2.0,
    "b": 0.5,
    "delta": null,
    "metrics": {
      "precision@1": 0.78,
      "recall@1": 0.06559385059385059,
      "ndcg@1": 0.7533333333333333,
      "precision@3": 0.62,
      "recall@3": 0.15552625152625152,
      "ndcg@3": 0.6483325982279439,
      "precision@5": 0.512,
      "recall@5": 0.2146745476745477,
      "ndcg@5": 0.5826792093788297,
      "precision@10": 0.38,
      "recall@10": 0.31777811077811075,
      "ndcg@10": 0.5135008189862037,
      "precision@100": 0.08,
      "recall@100": 0.6633358863358864,
      "ndcg@100": 0.6466099604530698,
      "precision@1000": 0.010660000000000001,
      "recall@1000": 0.872048951048951,
      "ndcg@1000": 0.6906183656833933,
      "mrr@10": 0.8661904761904762,
      "map": 0.34735650003013013
    },
    "primary_score": 0.34735650003013013
  },
  "atire": {
    "variant": "atire",
    "k1": 2.0,
    "b": 0.5,
    "delta": null,
    "metrics": {
      "precision@1": 0.78,
      "recall@1": 0.06559385059385059,
      "ndcg@1": 0.7533333333333333,
      "precision@3": 0.62,
      "recall@3": 0.15552625152625152,
      "ndcg@3": 0.6483325982279439,
      "precision@5": 0.512,
      "recall@5": 0.2146745476745477,
      "ndcg@5": 0.5828773863432345,
      "precision@10": 0.38,
      "recall@10": 0.31777811077811075,
      "ndcg@10": 0.5136422796422816,
      "precision@100": 0.08,
      "recall@100": 0.6633358863358864,
      "ndcg@100": 0.6467392858115051,
      "precision@1000": 0.010660000000000001,
      "recall@1000": 0.872048951048951,
      "ndcg@1000": 0.6907477068939241,
      "mrr@10": 0.8661904761904762,
      "map": 0.34758325177075716
    },
    "primary_score": 0.34758325177075716
  },
  "bm25l": {
    "variant": "bm25l",
    "k1": 1.5,
    "b": 0.75,
    "delta": 1.0,
    "metrics": {
      "precision@1": 0.76,
      "recall@1": 0.06368908868908868,
      "ndcg@1": 0.7333333333333333,
      "precision@3": 0.5866666666666667,
      "recall@3": 0.14596447996447995,
      "ndcg@3": 0.6153389101701648,
      "precision@5": 0.504,
      "recall@5": 0.20806771006771008,
      "ndcg@5": 0.5610682840832109,
      "precision@10": 0.384,
      "recall@10": 0.3203765123765124,
      "ndcg@10": 0.5049991252683769,
      "precision@100": 0.08199999999999999,
      "recall@100": 0.6797389277389277,
      "ndcg@100": 0.6432874645663519,
      "precision@1000": 0.01072,
      "recall@1000": 0.8782957042957042,
      "ndcg@1000": 0.6843395178397899,
      "mrr@10": 0.8425,
      "map": 0.3476147376748651
    },
    "primary_score": 0.3476147376748651
  },
  "bm25+": {
    "variant": "bm25+",
    "k1": 2.0,
    "b": 0.5,
    "delta": 0.0,
    "metrics": {
      "precision@1": 0.78,
      "recall@1": 0.06559385059385059,
      "ndcg@1": 0.7533333333333333,
      "precision@3": 0.62,
      "recall@3": 0.15552625152625152,
      "ndcg@3": 0.6483325982279439,
      "precision@5": 0.512,
      "recall@5": 0.2146745476745477,
      "ndcg@5": 0.5826792093788297,
      "precision@10": 0.38,
      "recall@10": 0.31777811077811075,
      "ndcg@10": 0.5135008189862037,
      "precision@100": 0.08,
      "recall@100": 0.6633358863358864,
      "ndcg@100": 0.6466065229316724,
      "precision@1000": 0.010660000000000001,
      "recall@1000": 0.872048951048951,
      "ndcg@1000": 0.6906150083365357,
      "mrr@10": 0.8661904761904762,
      "map": 0.3473525481774591
    },
    "primary_score": 0.3473525481774591
  }
}