{
  "method": "BM25 (bmx)",
  "query_group": [
    3
  ],
  "query_group_name": "LLM",
  "num_queries": 50,
  "num_queries_with_judgments": 150,
  "metrics": {
    "hits@1": 0.2866666666666667,
    "hits@3": 0.6333333333333333,
    "hits@5": 0.9,
    "hits@10": 1.3266666666666667,
    "hits@100": 2.6266666666666665,
    "hits@1000": 3.4266666666666667,
    "precision@1": 0.2866666666666667,
    "precision@3": 0.21111111111111108,
    "precision@5": 0.18,
    "precision@10": 0.13266666666666665,
    "precision@100": 0.026266666666666667,
    "precision@1000": 0.003426666666666667,
    "recall@1": 0.025955470455470458,
    "recall@3": 0.05706611906611907,
    "recall@5": 0.08041414141414141,
    "recall@10": 0.11833370333370333,
    "recall@100": 0.23115197765197762,
    "recall@1000": 0.29942398342398346,
    "ndcg@1": 0.28,
    "ndcg@3": 0.23064262634692162,
    "ndcg@5": 0.20814603356689754,
    "ndcg@10": 0.18036430438849513,
    "ndcg@100": 0.22510909357889916,
    "ndcg@1000": 0.23976372979506796,
    "mrr": 0.3055555555555555,
    "map": 0.1253386729848746,
    "r-precision": 0.12615144115144114,
    "bpref": NaN,
    "query_time_mean_ms": 8.948011919565033,
    "query_time_median_ms": 1.7805294919526204,
    "query_time_std_ms": 49.50866132834838,
    "query_time_min_ms": 1.4904340059729293,
    "query_time_max_ms": 355.50061499816366,
    "query_time_p95_ms": 2.651279204292222,
    "query_time_p99_ms": 182.96748282882547,
    "total_queries_timed": 50
  },
  "primary_score": 0.1253386729848746,
  "evaluation_library": "ranx",
  "variant_type": "bm25",
  "bm25_variant": "bmx",
  "k1": 2.0,
  "b": 0.75,
  "delta": 1.5
}