{
  "method": "BM25 (pyserini)",
  "query_group": 1,
  "query_group_name": "search log",
  "num_queries": 50,
  "num_queries_with_judgments": 150,
  "metrics": {
    "hits@1": 0.3,
    "hits@3": 0.76,
    "hits@5": 1.28,
    "hits@10": 2.44,
    "hits@100": 7.54,
    "hits@1000": 10.54,
    "precision@1": 0.3,
    "precision@3": 0.25333333333333335,
    "precision@5": 0.256,
    "precision@10": 0.244,
    "precision@100": 0.0754,
    "precision@1000": 0.01054,
    "recall@1": 0.025299367299367298,
    "recall@3": 0.06263336663336663,
    "recall@5": 0.10589277389277388,
    "recall@10": 0.20065934065934066,
    "recall@100": 0.615055611055611,
    "recall@1000": 0.8394222444222443,
    "ndcg@1": 0.28,
    "ndcg@3": 0.25227151873188175,
    "ndcg@5": 0.2576335255073923,
    "ndcg@10": 0.26360129835483015,
    "ndcg@100": 0.45570407225191895,
    "ndcg@1000": 0.5153583374569032,
    "mrr": 0.4644335165576585,
    "map": 0.20346476830694468,
    "r-precision": 0.22867299367299368,
    "bpref": NaN,
    "query_time_mean_ms": 38.73730143910507,
    "query_time_median_ms": 36.61665550316684,
    "query_time_std_ms": 12.701992579665708,
    "query_time_min_ms": 19.246367999585345,
    "query_time_max_ms": 120.75085499964189,
    "query_time_p95_ms": 45.32980425356072,
    "query_time_p99_ms": 85.40877641120446,
    "total_queries_timed": 50
  },
  "primary_score": 0.20346476830694468,
  "evaluation_library": "ranx",
  "variant_type": "bm25",
  "bm25_variant": "pyserini",
  "k1": 2.0,
  "b": 0.75,
  "delta": 1.5
}