{
  "method": "Hybrid (ranker: BM25-atire + Emb-jina)",
  "query_group": [
    3
  ],
  "query_group_name": "LLM",
  "num_queries": 50,
  "num_queries_with_judgments": 150,
  "metrics": {
    "hits@1": 0.28,
    "hits@3": 0.68,
    "hits@5": 0.9,
    "hits@10": 1.42,
    "hits@100": 4.0,
    "hits@500": 8.06,
    "hits@1000": 10.2,
    "precision@1": 0.28,
    "precision@3": 0.22666666666666668,
    "precision@5": 0.18,
    "precision@10": 0.142,
    "precision@100": 0.04,
    "precision@500": 0.016120000000000002,
    "precision@1000": 0.0102,
    "recall@1": 0.024013653013653012,
    "recall@3": 0.05941808191808193,
    "recall@5": 0.07853230103230102,
    "recall@10": 0.12296320346320347,
    "recall@100": 0.3464343434343434,
    "recall@500": 0.7070725385725385,
    "recall@1000": 0.896766011766012,
    "ndcg@1": 0.28,
    "ndcg@3": 0.2453444612424015,
    "ndcg@5": 0.21638420152171556,
    "ndcg@10": 0.1945172697412153,
    "ndcg@100": 0.29497262203831004,
    "ndcg@500": 0.3930507732828212,
    "ndcg@1000": 0.4271175603301245,
    "mrr": 0.3740202131234991,
    "map": 0.1256931843728365,
    "r-precision": 0.13285830835830834,
    "bpref": NaN,
    "hit_rate@10": 0.58,
    "f1@10": 0.1315062425497208,
    "query_time_mean_ms": 6666.231852982892,
    "query_time_median_ms": 6636.781941488152,
    "query_time_std_ms": 248.10528671601415,
    "query_time_min_ms": 6076.95733604487,
    "query_time_max_ms": 7265.828547999263,
    "query_time_p95_ms": 7041.810559580335,
    "query_time_p99_ms": 7185.42982330604,
    "total_queries_timed": 50
  },
  "primary_score": 0.1256931843728365,
  "evaluation_library": "ranx",
  "variant_type": "hybrid",
  "hybrid_variant": "ranker",
  "bm25_variant": "atire",
  "embedding_variant": "jina",
  "bm25_k1": 0.3,
  "bm25_b": 0.75,
  "fusion_method": null,
  "fusion_norm": null,
  "fusion_k": null,
  "ranker_model": "BAAI/bge-reranker-base"
}