{
  "method": "BM25 (pyserini)",
  "query_group": 3,
  "query_group_name": "LLM",
  "num_queries": 50,
  "num_queries_with_judgments": 150,
  "metrics": {
    "hits@1": 0.78,
    "hits@3": 1.84,
    "hits@5": 2.52,
    "hits@10": 3.74,
    "hits@100": 7.58,
    "hits@1000": 10.1,
    "precision@1": 0.78,
    "precision@3": 0.6133333333333334,
    "precision@5": 0.504,
    "precision@10": 0.374,
    "precision@100": 0.07579999999999999,
    "precision@1000": 0.0101,
    "recall@1": 0.07023004773004772,
    "recall@3": 0.1653064158064158,
    "recall@5": 0.2259612054612054,
    "recall@10": 0.33143384393384395,
    "recall@100": 0.667558386058386,
    "recall@1000": 0.8828357198357198,
    "ndcg@1": 0.7666666666666666,
    "ndcg@3": 0.6626106501544813,
    "ndcg@5": 0.5889470292138129,
    "ndcg@10": 0.5168733724341115,
    "ndcg@100": 0.646886961084121,
    "ndcg@1000": 0.6925934893722093,
    "mrr": 0.8616666666666667,
    "map": 0.346849167023722,
    "r-precision": 0.35224469974469974,
    "bpref": NaN,
    "query_time_mean_ms": 38.33390808053082,
    "query_time_median_ms": 37.90055449644569,
    "query_time_std_ms": 3.2900617694377985,
    "query_time_min_ms": 31.736385004478507,
    "query_time_max_ms": 48.43261399946641,
    "query_time_p95_ms": 44.9183714481478,
    "query_time_p99_ms": 47.580582398950355,
    "total_queries_timed": 50
  },
  "primary_score": 0.346849167023722,
  "evaluation_library": "ranx",
  "variant_type": "bm25",
  "bm25_variant": "pyserini",
  "k1": 2.0,
  "b": 0.75,
  "delta": 1.5
}