{
  "method": "BM25 (pyserini)",
  "query_group": 2,
  "query_group_name": "expression from LLM question",
  "num_queries": 50,
  "num_queries_with_judgments": 150,
  "metrics": {
    "hits@1": 0.86,
    "hits@3": 1.96,
    "hits@5": 2.68,
    "hits@10": 3.98,
    "hits@100": 7.78,
    "hits@1000": 10.64,
    "precision@1": 0.86,
    "precision@3": 0.6533333333333333,
    "precision@5": 0.536,
    "precision@10": 0.398,
    "precision@100": 0.07780000000000001,
    "precision@1000": 0.01064,
    "recall@1": 0.07297380397380397,
    "recall@3": 0.16437284937284935,
    "recall@5": 0.2241221001221001,
    "recall@10": 0.3345589965589965,
    "recall@100": 0.6426069486069487,
    "recall@1000": 0.8711848151848152,
    "ndcg@1": 0.8333333333333333,
    "ndcg@3": 0.6910039629487339,
    "ndcg@5": 0.6102168834499619,
    "ndcg@10": 0.5354776080530176,
    "ndcg@100": 0.6534765906306435,
    "ndcg@1000": 0.7003709442079239,
    "mrr": 0.904190476190476,
    "map": 0.3557734506516917,
    "r-precision": 0.3635003885003885,
    "bpref": NaN,
    "query_time_mean_ms": 36.397313700581435,
    "query_time_median_ms": 35.998873005155474,
    "query_time_std_ms": 3.02027720766852,
    "query_time_min_ms": 29.43334900191985,
    "query_time_max_ms": 47.21737900399603,
    "query_time_p95_ms": 42.37202024742146,
    "query_time_p99_ms": 45.625908492365845,
    "total_queries_timed": 50
  },
  "primary_score": 0.3557734506516917,
  "evaluation_library": "ranx",
  "variant_type": "bm25",
  "bm25_variant": "pyserini",
  "k1": 2.0,
  "b": 0.75,
  "delta": 1.5
}