{
  "method": "Embeddings (qwen)",
  "query_group": [
    3
  ],
  "query_group_name": "LLM",
  "num_queries": 50,
  "num_queries_with_judgments": 150,
  "metrics": {
    "hits@1": 0.98,
    "hits@3": 2.4,
    "hits@5": 3.44,
    "hits@10": 5.0,
    "hits@100": 8.66,
    "hits@1000": 10.56,
    "precision@1": 0.98,
    "precision@3": 0.7999999999999998,
    "precision@5": 0.688,
    "precision@10": 0.5,
    "precision@100": 0.08659999999999998,
    "precision@1000": 0.01056,
    "recall@1": 0.08789837939837937,
    "recall@3": 0.2143861693861694,
    "recall@5": 0.30406349206349204,
    "recall@10": 0.43998457098457094,
    "recall@100": 0.7597505827505828,
    "recall@1000": 0.9267556332556331,
    "ndcg@1": 0.98,
    "ndcg@3": 0.8305362291193635,
    "ndcg@5": 0.7570789538599739,
    "ndcg@10": 0.6542050445691361,
    "ndcg@100": 0.7681378551732425,
    "ndcg@1000": 0.8000417775042501,
    "mrr": 0.9816666666666666,
    "map": 0.4880318033358313,
    "r-precision": 0.45133155733155733,
    "bpref": NaN,
    "query_time_mean_ms": 97.87388851924334,
    "query_time_median_ms": 91.32348950515734,
    "query_time_std_ms": 32.1137793276826,
    "query_time_min_ms": 85.28942400880624,
    "query_time_max_ms": 316.92949500575196,
    "query_time_p95_ms": 110.62003224942599,
    "query_time_p99_ms": 223.32342398556608,
    "total_queries_timed": 50
  },
  "primary_score": 0.4880318033358313,
  "evaluation_library": "ranx",
  "variant_type": "embeddings",
  "embedding_variant": "qwen",
  "model_name": "Qwen/Qwen3-Embedding-0.6B"
}