{
  "method": "Hybrid (ranker: BM25-bm25+ + Emb-qwen)",
  "query_group": [
    3
  ],
  "query_group_name": "LLM",
  "num_queries": 50,
  "num_queries_with_judgments": 150,
  "metrics": {
    "hits@1": 0.82,
    "hits@3": 2.04,
    "hits@5": 2.98,
    "hits@10": 4.5,
    "hits@100": 8.52,
    "hits@500": 10.08,
    "hits@1000": 10.66,
    "precision@1": 0.82,
    "precision@3": 0.68,
    "precision@5": 0.596,
    "precision@10": 0.45,
    "precision@100": 0.0852,
    "precision@500": 0.02016,
    "precision@1000": 0.010660000000000001,
    "recall@1": 0.0731105006105006,
    "recall@3": 0.17984376734376734,
    "recall@5": 0.26347641247641246,
    "recall@10": 0.39758591408591415,
    "recall@100": 0.7472391497391496,
    "recall@500": 0.8811809301809302,
    "recall@1000": 0.9319200799200799,
    "ndcg@1": 0.8066666666666665,
    "ndcg@3": 0.7172933319198878,
    "ndcg@5": 0.6668189657647406,
    "ndcg@10": 0.5903424132346127,
    "ndcg@100": 0.7221853236448524,
    "ndcg@500": 0.7492578455024131,
    "ndcg@1000": 0.7566915175874226,
    "mrr": 0.9033333333333334,
    "map": 0.42403570891854075,
    "r-precision": 0.42750016650016653,
    "bpref": NaN,
    "hit_rate@10": 1.0,
    "f1@10": 0.4202699396713126,
    "query_time_mean_ms": 96267.49475043615,
    "query_time_median_ms": 94792.29193649371,
    "query_time_std_ms": 19030.100440287162,
    "query_time_min_ms": 67053.70092601515,
    "query_time_max_ms": 156454.657225986,
    "query_time_p95_ms": 127609.8775812541,
    "query_time_p99_ms": 146120.5278730101,
    "total_queries_timed": 50
  },
  "primary_score": 0.42403570891854075,
  "evaluation_library": "ranx",
  "variant_type": "hybrid",
  "hybrid_variant": "ranker",
  "bm25_variant": "bm25+",
  "embedding_variant": "qwen",
  "bm25_k1": 3.0,
  "bm25_b": 0.6,
  "fusion_method": null,
  "fusion_norm": null,
  "fusion_k": null,
  "ranker_model": "Alibaba-NLP/gte-multilingual-reranker-base"
}