{
  "method": "Hybrid (ranker: BM25-atire + Emb-jina)",
  "query_group": [
    2
  ],
  "query_group_name": "expression from LLM question",
  "num_queries": 50,
  "num_queries_with_judgments": 150,
  "metrics": {
    "hits@1": 0.46,
    "hits@3": 1.02,
    "hits@5": 1.44,
    "hits@10": 2.36,
    "hits@100": 6.58,
    "hits@500": 8.98,
    "hits@1000": 10.54,
    "precision@1": 0.46,
    "precision@3": 0.3400000000000001,
    "precision@5": 0.28800000000000003,
    "precision@10": 0.23600000000000002,
    "precision@100": 0.0658,
    "precision@500": 0.01796,
    "precision@1000": 0.01054,
    "recall@1": 0.039789210789210785,
    "recall@3": 0.08660173160173161,
    "recall@5": 0.12212354312354312,
    "recall@10": 0.19851848151848153,
    "recall@100": 0.5461669441669442,
    "recall@500": 0.7389825729825731,
    "recall@1000": 0.8628609168609168,
    "ndcg@1": 0.44,
    "ndcg@3": 0.3709081395045899,
    "ndcg@5": 0.3381946725491084,
    "ndcg@10": 0.31673589494102083,
    "ndcg@100": 0.46298443063868255,
    "ndcg@500": 0.5125140228524157,
    "ndcg@1000": 0.5323090912368179,
    "mrr": 0.5821324900779796,
    "map": 0.20800549574714977,
    "r-precision": 0.22314751914751912,
    "bpref": NaN,
    "hit_rate@10": 0.8,
    "f1@10": 0.21476015433841525,
    "query_time_mean_ms": 6329.840947941411,
    "query_time_median_ms": 6318.040228507016,
    "query_time_std_ms": 237.20860218023392,
    "query_time_min_ms": 5657.808516989462,
    "query_time_max_ms": 6805.676863994449,
    "query_time_p95_ms": 6652.322842198191,
    "query_time_p99_ms": 6762.898696791963,
    "total_queries_timed": 50
  },
  "primary_score": 0.20800549574714977,
  "evaluation_library": "ranx",
  "variant_type": "hybrid",
  "hybrid_variant": "ranker",
  "bm25_variant": "atire",
  "embedding_variant": "jina",
  "bm25_k1": 0.3,
  "bm25_b": 0.75,
  "fusion_method": null,
  "fusion_norm": null,
  "fusion_k": null,
  "ranker_model": "BAAI/bge-reranker-base"
}