{
  "method": "BM25 (bm25l)",
  "query_group": 1,
  "query_group_name": "search log",
  "num_queries": 692,
  "num_queries_with_judgments": 665,
  "metrics": {
    "hits@1": 0.7022556390977444,
    "hits@3": 1.831578947368421,
    "hits@5": 2.693233082706767,
    "hits@10": 4.2,
    "hits@100": 7.261654135338346,
    "hits@1000": 8.284210526315789,
    "precision@1": 0.7022556390977444,
    "precision@3": 0.6105263157894737,
    "precision@5": 0.5386466165413535,
    "precision@10": 0.42000000000000004,
    "precision@100": 0.07261654135338347,
    "precision@1000": 0.00828421052631579,
    "recall@1": 0.1238958540425866,
    "recall@3": 0.2825912879771223,
    "recall@5": 0.3856642672189877,
    "recall@10": 0.5486487111162309,
    "recall@100": 0.8552095214085492,
    "recall@1000": 0.9514795768230234,
    "ndcg@1": 0.6466165413533834,
    "ndcg@3": 0.6029783949695291,
    "ndcg@5": 0.5857242943039423,
    "ndcg@10": 0.585592128907429,
    "ndcg@100": 0.6829053537262675,
    "ndcg@1000": 0.7074857204188247,
    "mrr": 0.7847239439862073,
    "map": 0.5338215534134556,
    "r-precision": 0.4882687925112492,
    "bpref": NaN,
    "hit_rate@10": 0.924812030075188,
    "f1@10": 0.43181893965694174,
    "query_time_mean_ms": 2.2383549986792293,
    "query_time_median_ms": 2.212019986473024,
    "query_time_std_ms": 0.4077355449599716,
    "query_time_min_ms": 1.2591330450959504,
    "query_time_max_ms": 4.613138968124986,
    "query_time_p95_ms": 2.9308371944352984,
    "query_time_p99_ms": 3.5477139195427325,
    "total_queries_timed": 665
  },
  "primary_score": 0.5338215534134556,
  "evaluation_library": "ranx",
  "variant_type": "bm25",
  "bm25_variant": "bm25l",
  "k1": 2.0,
  "b": 0.75,
  "delta": 1.5
}