{
  "method": "BM25 (bm25l)",
  "query_group": [
    3
  ],
  "query_group_name": "LLM",
  "num_queries": 50,
  "num_queries_with_judgments": 150,
  "metrics": {
    "hits@1": 0.88,
    "hits@3": 1.9,
    "hits@5": 2.6,
    "hits@10": 3.94,
    "hits@100": 7.96,
    "hits@1000": 10.4,
    "precision@1": 0.88,
    "precision@3": 0.6333333333333332,
    "precision@5": 0.52,
    "precision@10": 0.39399999999999996,
    "precision@100": 0.0796,
    "precision@1000": 0.0104,
    "recall@1": 0.07901526251526252,
    "recall@3": 0.1710934620934621,
    "recall@5": 0.2326270396270396,
    "recall@10": 0.35106671106671106,
    "recall@100": 0.7000177045177045,
    "recall@1000": 0.908190365190365,
    "ndcg@1": 0.8533333333333334,
    "ndcg@3": 0.6879117523222988,
    "ndcg@5": 0.6130555930634298,
    "ndcg@10": 0.539558600299791,
    "ndcg@100": 0.6813215000352263,
    "ndcg@1000": 0.7250670232724405,
    "mrr": 0.9333333333333332,
    "map": 0.38123127523020367,
    "r-precision": 0.3761562881562881,
    "bpref": NaN,
    "query_time_mean_ms": 1.2736542595666833,
    "query_time_median_ms": 1.2097280050511472,
    "query_time_std_ms": 0.2575474104457197,
    "query_time_min_ms": 1.0464090009918436,
    "query_time_max_ms": 2.6643370074452832,
    "query_time_p95_ms": 1.6001588548533616,
    "query_time_p99_ms": 2.1797603243612667,
    "total_queries_timed": 50
  },
  "primary_score": 0.38123127523020367,
  "evaluation_library": "ranx",
  "variant_type": "bm25",
  "bm25_variant": "bm25l",
  "k1": 2.0,
  "b": 0.75,
  "delta": 1.5
}