{
  "method": "Hybrid (ranker: BM25-atire + Emb-jina)",
  "query_group": [
    1
  ],
  "query_group_name": "search log",
  "num_queries": 50,
  "num_queries_with_judgments": 150,
  "metrics": {
    "hits@1": 0.44,
    "hits@3": 1.14,
    "hits@5": 1.66,
    "hits@10": 2.62,
    "hits@100": 8.22,
    "hits@500": 10.46,
    "hits@1000": 11.24,
    "precision@1": 0.44,
    "precision@3": 0.37999999999999995,
    "precision@5": 0.33199999999999996,
    "precision@10": 0.262,
    "precision@100": 0.0822,
    "precision@500": 0.02092,
    "precision@1000": 0.011240000000000002,
    "recall@1": 0.03550949050949051,
    "recall@3": 0.09363369963369962,
    "recall@5": 0.13764302364302364,
    "recall@10": 0.21429970029970033,
    "recall@100": 0.6632387612387611,
    "recall@500": 0.8321411921411921,
    "recall@1000": 0.8896443556443556,
    "ndcg@1": 0.41666666666666663,
    "ndcg@3": 0.3771882613139505,
    "ndcg@5": 0.3495238929801408,
    "ndcg@10": 0.3101875382457406,
    "ndcg@100": 0.519287220441734,
    "ndcg@500": 0.5629629819016002,
    "ndcg@1000": 0.5719809649010005,
    "mrr": 0.5774922854922855,
    "map": 0.24410029398297067,
    "r-precision": 0.25509490509490507,
    "bpref": NaN,
    "hit_rate@10": 0.88,
    "f1@10": 0.2342204647867052,
    "query_time_mean_ms": 6335.947379923891,
    "query_time_median_ms": 6382.459166488843,
    "query_time_std_ms": 264.71628160977826,
    "query_time_min_ms": 5673.730671987869,
    "query_time_max_ms": 6783.649299992248,
    "query_time_p95_ms": 6702.159915547236,
    "query_time_p99_ms": 6755.18705122231,
    "total_queries_timed": 50
  },
  "primary_score": 0.24410029398297067,
  "evaluation_library": "ranx",
  "variant_type": "hybrid",
  "hybrid_variant": "ranker",
  "bm25_variant": "atire",
  "embedding_variant": "jina",
  "bm25_k1": 0.3,
  "bm25_b": 0.75,
  "fusion_method": null,
  "fusion_norm": null,
  "fusion_k": null,
  "ranker_model": "BAAI/bge-reranker-base"
}