{
  "robertson": {
    "variant": "robertson",
    "k1": 0.5,
    "b": 0.75,
    "delta": null,
    "metrics": {
      "precision@1": 0.32,
      "recall@1": 0.027084582084582084,
      "ndcg@1": 0.3133333333333333,
      "precision@3": 0.2533333333333333,
      "recall@3": 0.0626003996003996,
      "ndcg@3": 0.2553491091215457,
      "precision@5": 0.252,
      "recall@5": 0.10242257742257742,
      "ndcg@5": 0.25558417216219304,
      "precision@10": 0.242,
      "recall@10": 0.2016350316350316,
      "ndcg@10": 0.26312463900201805,
      "precision@100": 0.0694,
      "recall@100": 0.5662400932400932,
      "ndcg@100": 0.42957952684764744,
      "precision@1000": 0.01004,
      "recall@1000": 0.7982047952047953,
      "ndcg@1000": 0.49186851028096057,
      "mrr@10": 0.44422222222222224,
      "map": 0.19753621001446625
    },
    "primary_score": 0.19753621001446625
  },
  "lucene": {
    "variant": "lucene",
    "k1": 0.5,
    "b": 0.75,
    "delta": null,
    "metrics": {
      "precision@1": 0.36,
      "recall@1": 0.02975124875124875,
      "ndcg@1": 0.35333333333333333,
      "precision@3": 0.2733333333333333,
      "recall@3": 0.0666003996003996,
      "ndcg@3": 0.27847763396169745,
      "precision@5": 0.28800000000000003,
      "recall@5": 0.11711854811854812,
      "ndcg@5": 0.2886664347239309,
      "precision@10": 0.24600000000000002,
      "recall@10": 0.2036020646020646,
      "ndcg@10": 0.27774675341407984,
      "precision@100": 0.07100000000000001,
      "recall@100": 0.5773023643023643,
      "ndcg@100": 0.4505075636499343,
      "precision@1000": 0.0102,
      "recall@1000": 0.8102817182817182,
      "ndcg@1000": 0.5109344672054709,
      "mrr@10": 0.48055555555555557,
      "map": 0.2091929013245819
    },
    "primary_score": 0.2091929013245819
  },
  "atire": {
    "variant": "atire",
    "k1": 0.5,
    "b": 0.75,
    "delta": null,
    "metrics": {
      "precision@1": 0.36,
      "recall@1": 0.02975124875124875,
      "ndcg@1": 0.35333333333333333,
      "precision@3": 0.2733333333333333,
      "recall@3": 0.0666003996003996,
      "ndcg@3": 0.27847763396169745,
      "precision@5": 0.28800000000000003,
      "recall@5": 0.11711854811854812,
      "ndcg@5": 0.2886664347239309,
      "precision@10": 0.24600000000000002,
      "recall@10": 0.2036020646020646,
      "ndcg@10": 0.27774675341407984,
      "precision@100": 0.07100000000000001,
      "recall@100": 0.5773023643023643,
      "ndcg@100": 0.450520877350895,
      "precision@1000": 0.0102,
      "recall@1000": 0.8102817182817182,
      "ndcg@1000": 0.510947413885186,
      "mrr@10": 0.48055555555555557,
      "map": 0.20922039601882456
    },
    "primary_score": 0.20922039601882456
  },
  "bm25l": {
    "variant": "bm25l",
    "k1": 0.5,
    "b": 0.75,
    "delta": 0.0,
    "metrics": {
      "precision@1": 0.36,
      "recall@1": 0.02975124875124875,
      "ndcg@1": 0.35333333333333333,
      "precision@3": 0.2733333333333333,
      "recall@3": 0.0666003996003996,
      "ndcg@3": 0.27847763396169745,
      "precision@5": 0.28800000000000003,
      "recall@5": 0.11711854811854812,
      "ndcg@5": 0.2886664347239309,
      "precision@10": 0.24600000000000002,
      "recall@10": 0.2036020646020646,
      "ndcg@10": 0.27774675341407984,
      "precision@100": 0.07100000000000001,
      "recall@100": 0.5773023643023643,
      "ndcg@100": 0.4505075636499343,
      "precision@1000": 0.0102,
      "recall@1000": 0.8102817182817182,
      "ndcg@1000": 0.5109344672054709,
      "mrr@10": 0.48055555555555557,
      "map": 0.2091929013245819
    },
    "primary_score": 0.2091929013245819
  },
  "bm25+": {
    "variant": "bm25+",
    "k1": 0.5,
    "b": 0.75,
    "delta": 0.0,
    "metrics": {
      "precision@1": 0.36,
      "recall@1": 0.02975124875124875,
      "ndcg@1": 0.35333333333333333,
      "precision@3": 0.2733333333333333,
      "recall@3": 0.0666003996003996,
      "ndcg@3": 0.27847763396169745,
      "precision@5": 0.28800000000000003,
      "recall@5": 0.11711854811854812,
      "ndcg@5": 0.2886664347239309,
      "precision@10": 0.24600000000000002,
      "recall@10": 0.2036020646020646,
      "ndcg@10": 0.27774675341407984,
      "precision@100": 0.07100000000000001,
      "recall@100": 0.5773023643023643,
      "ndcg@100": 0.450520877350895,
      "precision@1000": 0.0102,
      "recall@1000": 0.8102817182817182,
      "ndcg@1000": 0.5109474417584469,
      "mrr@10": 0.48055555555555557,
      "map": 0.20922041508863395
    },
    "primary_score": 0.20922041508863395
  }
}