{
  "robertson": {
    "variant": "robertson",
    "k1": 3.0,
    "b": 0.6,
    "delta": null,
    "alpha": null,
    "beta": null,
    "metrics": {
      "precision@1": 0.86,
      "recall@1": 0.07734859584859585,
      "ndcg@1": 0.8333333333333333,
      "precision@3": 0.62,
      "recall@3": 0.16765989565989567,
      "ndcg@3": 0.6795323059533147,
      "precision@5": 0.516,
      "recall@5": 0.23062703962703965,
      "ndcg@5": 0.6053718529234788,
      "precision@10": 0.392,
      "recall@10": 0.34825985125985126,
      "ndcg@10": 0.5333621999249556,
      "precision@100": 0.078,
      "recall@100": 0.6849652569652569,
      "ndcg@100": 0.6661022129374817,
      "precision@1000": 0.01026,
      "recall@1000": 0.8969229659229658,
      "ndcg@1000": 0.7114913245312918,
      "mrr@10": 0.915,
      "map": 0.36836227217703993
    },
    "primary_score": 0.36836227217703993
  },
  "lucene": {
    "variant": "lucene",
    "k1": 2.5,
    "b": 0.6,
    "delta": null,
    "alpha": null,
    "beta": null,
    "metrics": {
      "precision@1": 0.9,
      "recall@1": 0.08083344433344433,
      "ndcg@1": 0.8733333333333333,
      "precision@3": 0.6533333333333333,
      "recall@3": 0.17650138750138752,
      "ndcg@3": 0.7171786943381099,
      "precision@5": 0.544,
      "recall@5": 0.24365034965034965,
      "ndcg@5": 0.6343266825817272,
      "precision@10": 0.4,
      "recall@10": 0.35568842268842266,
      "ndcg@10": 0.5509226449829289,
      "precision@100": 0.0794,
      "recall@100": 0.6972379842379843,
      "ndcg@100": 0.6847739136106804,
      "precision@1000": 0.010320000000000001,
      "recall@1000": 0.9016285936285936,
      "ndcg@1000": 0.7278231070911444,
      "mrr@10": 0.9433333333333332,
      "map": 0.38293777051289013
    },
    "primary_score": 0.38293777051289013
  },
  "atire": {
    "variant": "atire",
    "k1": 3.0,
    "b": 0.6,
    "delta": null,
    "alpha": null,
    "beta": null,
    "metrics": {
      "precision@1": 0.9,
      "recall@1": 0.08083344433344433,
      "ndcg@1": 0.8733333333333333,
      "precision@3": 0.66,
      "recall@3": 0.1782216672216672,
      "ndcg@3": 0.7201630558422614,
      "precision@5": 0.536,
      "recall@5": 0.23983216783216782,
      "ndcg@5": 0.6299066925838258,
      "precision@10": 0.402,
      "recall@10": 0.35779831279831276,
      "ndcg@10": 0.5513681099014788,
      "precision@100": 0.07919999999999999,
      "recall@100": 0.6955713175713175,
      "ndcg@100": 0.6845993364498443,
      "precision@1000": 0.010360000000000001,
      "recall@1000": 0.904985236985237,
      "ndcg@1000": 0.7288921177504661,
      "mrr@10": 0.9433333333333332,
      "map": 0.38436689604442165
    },
    "primary_score": 0.38436689604442165
  },
  "bm25l": {
    "variant": "bm25l",
    "k1": 1.4,
    "b": 0.6,
    "delta": 2.0,
    "alpha": null,
    "beta": null,
    "metrics": {
      "precision@1": 0.9,
      "recall@1": 0.08083344433344433,
      "ndcg@1": 0.88,
      "precision@3": 0.6533333333333333,
      "recall@3": 0.17655500055500056,
      "ndcg@3": 0.7170345310021097,
      "precision@5": 0.532,
      "recall@5": 0.237983682983683,
      "ndcg@5": 0.6256550364420068,
      "precision@10": 0.396,
      "recall@10": 0.35244166944166944,
      "ndcg@10": 0.5477671229631145,
      "precision@100": 0.0794,
      "recall@100": 0.6973894993894995,
      "ndcg@100": 0.685024853601583,
      "precision@1000": 0.01038,
      "recall@1000": 0.9065236985236986,
      "ndcg@1000": 0.7290474535180128,
      "mrr@10": 0.9433333333333332,
      "map": 0.3837904288573235
    },
    "primary_score": 0.3837904288573235
  },
  "bm25+": {
    "variant": "bm25+",
    "k1": 3.0,
    "b": 0.6,
    "delta": 1.5,
    "alpha": null,
    "beta": null,
    "metrics": {
      "precision@1": 0.9,
      "recall@1": 0.08083344433344433,
      "ndcg@1": 0.8733333333333333,
      "precision@3": 0.66,
      "recall@3": 0.1782216672216672,
      "ndcg@3": 0.7201630558422614,
      "precision@5": 0.536,
      "recall@5": 0.23983216783216782,
      "ndcg@5": 0.6299066925838258,
      "precision@10": 0.402,
      "recall@10": 0.35779831279831276,
      "ndcg@10": 0.5513681099014788,
      "precision@100": 0.07919999999999999,
      "recall@100": 0.6955713175713175,
      "ndcg@100": 0.6845993364498443,
      "precision@1000": 0.010360000000000001,
      "recall@1000": 0.904985236985237,
      "ndcg@1000": 0.728892359457322,
      "mrr@10": 0.9433333333333332,
      "map": 0.38436700779233024
    },
    "primary_score": 0.38436700779233024
  },
  "bmx": {
    "variant": "bmx",
    "k1": 1.5,
    "b": 0.2,
    "delta": null,
    "alpha": 1.0,
    "beta": 0.7,
    "metrics": {
      "precision@1": 0.86,
      "recall@1": 0.07786641136641137,
      "ndcg@1": 0.84,
      "precision@3": 0.6333333333333333,
      "recall@3": 0.1711983571983572,
      "ndcg@3": 0.6919278790407648,
      "precision@5": 0.54,
      "recall@5": 0.24124242424242426,
      "ndcg@5": 0.6244381007006926,
      "precision@10": 0.39799999999999996,
      "recall@10": 0.35500111000110995,
      "ndcg@10": 0.5410929131654854,
      "precision@100": 0.0788,
      "recall@100": 0.6934559329559329,
      "ndcg@100": 0.6753272807366976,
      "precision@1000": 0.010280000000000001,
      "recall@1000": 0.8982719502719503,
      "ndcg@1000": 0.7192911893852039,
      "mrr@10": 0.9166666666666667,
      "map": 0.3760160189546239
    },
    "primary_score": 0.3760160189546239
  }
}