{
  "robertson": {
    "variant": "robertson",
    "k1": 2.0,
    "b": 0.5,
    "delta": null,
    "alpha": null,
    "beta": null,
    "metrics": {
      "precision@1": 0.74,
      "recall@1": 0.06238872238872239,
      "ndcg@1": 0.7066666666666667,
      "precision@3": 0.62,
      "recall@3": 0.15601110001110002,
      "ndcg@3": 0.6341808258744017,
      "precision@5": 0.5,
      "recall@5": 0.21076379176379179,
      "ndcg@5": 0.5638728345569846,
      "precision@10": 0.366,
      "recall@10": 0.30645443445443443,
      "ndcg@10": 0.4951798057490335,
      "precision@100": 0.07919999999999999,
      "recall@100": 0.656943944943945,
      "ndcg@100": 0.6328999735631214,
      "precision@1000": 0.01054,
      "recall@1000": 0.8632101232101231,
      "ndcg@1000": 0.6762985564692872,
      "mrr@10": 0.835,
      "map": 0.33715384039456764
    },
    "primary_score": 0.33715384039456764
  },
  "lucene": {
    "variant": "lucene",
    "k1": 1.8,
    "b": 0.6,
    "delta": null,
    "alpha": null,
    "beta": null,
    "metrics": {
      "precision@1": 0.76,
      "recall@1": 0.06392718392718393,
      "ndcg@1": 0.7266666666666667,
      "precision@3": 0.6133333333333333,
      "recall@3": 0.15413930513930515,
      "ndcg@3": 0.6359491018351415,
      "precision@5": 0.512,
      "recall@5": 0.21432289932289933,
      "ndcg@5": 0.578811727244529,
      "precision@10": 0.39,
      "recall@10": 0.3256888666888667,
      "ndcg@10": 0.5176884242140568,
      "precision@100": 0.0806,
      "recall@100": 0.6677314907314907,
      "ndcg@100": 0.6458926459634743,
      "precision@1000": 0.01064,
      "recall@1000": 0.8703822843822845,
      "ndcg@1000": 0.6887979862838474,
      "mrr@10": 0.8545238095238095,
      "map": 0.34772060813970573
    },
    "primary_score": 0.34772060813970573
  },
  "atire": {
    "variant": "atire",
    "k1": 1.8,
    "b": 0.6,
    "delta": null,
    "alpha": null,
    "beta": null,
    "metrics": {
      "precision@1": 0.76,
      "recall@1": 0.06392718392718393,
      "ndcg@1": 0.7266666666666667,
      "precision@3": 0.6133333333333333,
      "recall@3": 0.15413930513930515,
      "ndcg@3": 0.6359491018351415,
      "precision@5": 0.512,
      "recall@5": 0.21432289932289933,
      "ndcg@5": 0.578811727244529,
      "precision@10": 0.39,
      "recall@10": 0.3256888666888667,
      "ndcg@10": 0.5176884242140568,
      "precision@100": 0.0806,
      "recall@100": 0.6677314907314907,
      "ndcg@100": 0.6458868834037712,
      "precision@1000": 0.01064,
      "recall@1000": 0.8703822843822845,
      "ndcg@1000": 0.6887916726979966,
      "mrr@10": 0.8545238095238095,
      "map": 0.34771288728602767
    },
    "primary_score": 0.34771288728602767
  },
  "bm25l": {
    "variant": "bm25l",
    "k1": 1.8,
    "b": 0.5,
    "delta": 0.3,
    "alpha": null,
    "beta": null,
    "metrics": {
      "precision@1": 0.78,
      "recall@1": 0.06559385059385059,
      "ndcg@1": 0.7533333333333333,
      "precision@3": 0.62,
      "recall@3": 0.15552625152625152,
      "ndcg@3": 0.6471037472688542,
      "precision@5": 0.512,
      "recall@5": 0.2146745476745477,
      "ndcg@5": 0.5817006426168816,
      "precision@10": 0.38,
      "recall@10": 0.31768287268287265,
      "ndcg@10": 0.5121190309972028,
      "precision@100": 0.08,
      "recall@100": 0.6633358863358864,
      "ndcg@100": 0.6462308722643775,
      "precision@1000": 0.010660000000000001,
      "recall@1000": 0.872048951048951,
      "ndcg@1000": 0.690346863765214,
      "mrr@10": 0.8661904761904762,
      "map": 0.3473162715484249
    },
    "primary_score": 0.3473162715484249
  },
  "bm25+": {
    "variant": "bm25+",
    "k1": 2.5,
    "b": 0.75,
    "delta": 2.0,
    "alpha": null,
    "beta": null,
    "metrics": {
      "precision@1": 0.76,
      "recall@1": 0.06368908868908868,
      "ndcg@1": 0.7333333333333333,
      "precision@3": 0.5866666666666667,
      "recall@3": 0.14596447996447995,
      "ndcg@3": 0.6153389101701648,
      "precision@5": 0.504,
      "recall@5": 0.20806771006771008,
      "ndcg@5": 0.5610682840832109,
      "precision@10": 0.384,
      "recall@10": 0.3203765123765124,
      "ndcg@10": 0.5050729608096087,
      "precision@100": 0.08199999999999999,
      "recall@100": 0.6797389277389277,
      "ndcg@100": 0.6433576635345329,
      "precision@1000": 0.01072,
      "recall@1000": 0.8782957042957042,
      "ndcg@1000": 0.6844087722772396,
      "mrr@10": 0.8425,
      "map": 0.34776138581793126
    },
    "primary_score": 0.34776138581793126
  },
  "bmx": {
    "variant": "bmx",
    "k1": 2.5,
    "b": 0.7,
    "delta": null,
    "alpha": 1.0,
    "beta": 0.0,
    "metrics": {
      "precision@1": 0.74,
      "recall@1": 0.0625938505938506,
      "ndcg@1": 0.7066666666666667,
      "precision@3": 0.6,
      "recall@3": 0.14911599511599513,
      "ndcg@3": 0.6203389165066028,
      "precision@5": 0.512,
      "recall@5": 0.21254634254634255,
      "ndcg@5": 0.5722077921800963,
      "precision@10": 0.384,
      "recall@10": 0.32043012543012545,
      "ndcg@10": 0.5064369525769391,
      "precision@100": 0.0816,
      "recall@100": 0.6766020646020646,
      "ndcg@100": 0.6420003353277285,
      "precision@1000": 0.01064,
      "recall@1000": 0.8702723942723942,
      "ndcg@1000": 0.6831959976284426,
      "mrr@10": 0.8385238095238096,
      "map": 0.3440695164072521
    },
    "primary_score": 0.3440695164072521
  }
}