{
  "robertson": {
    "variant": "robertson",
    "k1": 1.2,
    "b": 0.75,
    "delta": null,
    "alpha": null,
    "beta": null,
    "metrics": {
      "precision@1": 0.8,
      "recall@1": 0.07227167277167278,
      "ndcg@1": 0.78,
      "precision@3": 0.6,
      "recall@3": 0.16193695193695196,
      "ndcg@3": 0.6494653649757851,
      "precision@5": 0.48800000000000004,
      "recall@5": 0.21865234765234765,
      "ndcg@5": 0.5763823507721565,
      "precision@10": 0.376,
      "recall@10": 0.3327933177933178,
      "ndcg@10": 0.5118646914676559,
      "precision@100": 0.075,
      "recall@100": 0.6594201354201354,
      "ndcg@100": 0.6430613719151159,
      "precision@1000": 0.01004,
      "recall@1000": 0.8768530358530359,
      "ndcg@1000": 0.6916273062602665,
      "mrr@10": 0.8745555555555555,
      "map": 0.35118145046171273
    },
    "primary_score": 0.35118145046171273
  },
  "lucene": {
    "variant": "lucene",
    "k1": 1.2,
    "b": 0.75,
    "delta": null,
    "alpha": null,
    "beta": null,
    "metrics": {
      "precision@1": 0.8,
      "recall@1": 0.07242318792318791,
      "ndcg@1": 0.78,
      "precision@3": 0.6133333333333333,
      "recall@3": 0.16586502386502386,
      "ndcg@3": 0.6659796137168419,
      "precision@5": 0.512,
      "recall@5": 0.22886369186369188,
      "ndcg@5": 0.5947419486074639,
      "precision@10": 0.39,
      "recall@10": 0.3468349428349428,
      "ndcg@10": 0.5279325434720011,
      "precision@100": 0.0764,
      "recall@100": 0.671951603951604,
      "ndcg@100": 0.6570208964255994,
      "precision@1000": 0.01022,
      "recall@1000": 0.8933585303585303,
      "ndcg@1000": 0.705285939038207,
      "mrr@10": 0.8808333333333332,
      "map": 0.36510564203403945
    },
    "primary_score": 0.36510564203403945
  },
  "atire": {
    "variant": "atire",
    "k1": 1.2,
    "b": 0.75,
    "delta": null,
    "alpha": null,
    "beta": null,
    "metrics": {
      "precision@1": 0.8,
      "recall@1": 0.07242318792318791,
      "ndcg@1": 0.78,
      "precision@3": 0.6133333333333333,
      "recall@3": 0.16586502386502386,
      "ndcg@3": 0.6659796137168419,
      "precision@5": 0.512,
      "recall@5": 0.22886369186369188,
      "ndcg@5": 0.5947419486074639,
      "precision@10": 0.39,
      "recall@10": 0.3468349428349428,
      "ndcg@10": 0.5279325434720011,
      "precision@100": 0.0764,
      "recall@100": 0.671951603951604,
      "ndcg@100": 0.6570208964255994,
      "precision@1000": 0.01022,
      "recall@1000": 0.8933585303585303,
      "ndcg@1000": 0.7052841746511054,
      "mrr@10": 0.8808333333333332,
      "map": 0.36510336327310566
    },
    "primary_score": 0.36510336327310566
  },
  "bm25l": {
    "variant": "bm25l",
    "k1": 1.2,
    "b": 0.75,
    "delta": 0.5,
    "alpha": null,
    "beta": null,
    "metrics": {
      "precision@1": 0.86,
      "recall@1": 0.07762831612831614,
      "ndcg@1": 0.84,
      "precision@3": 0.62,
      "recall@3": 0.16740348540348537,
      "ndcg@3": 0.6809485060265841,
      "precision@5": 0.528,
      "recall@5": 0.23583338883338884,
      "ndcg@5": 0.6146461132857088,
      "precision@10": 0.392,
      "recall@10": 0.3487933177933178,
      "ndcg@10": 0.5358943373046919,
      "precision@100": 0.0784,
      "recall@100": 0.6899710844710845,
      "ndcg@100": 0.6727347759164134,
      "precision@1000": 0.01024,
      "recall@1000": 0.8953049173049173,
      "ndcg@1000": 0.7163478050269333,
      "mrr@10": 0.9156666666666666,
      "map": 0.373849274095425
    },
    "primary_score": 0.373849274095425
  },
  "bm25+": {
    "variant": "bm25+",
    "k1": 1.2,
    "b": 0.75,
    "delta": 0.5,
    "alpha": null,
    "beta": null,
    "metrics": {
      "precision@1": 0.8,
      "recall@1": 0.07242318792318791,
      "ndcg@1": 0.78,
      "precision@3": 0.6133333333333333,
      "recall@3": 0.16586502386502386,
      "ndcg@3": 0.6659796137168419,
      "precision@5": 0.512,
      "recall@5": 0.22886369186369188,
      "ndcg@5": 0.5947419486074639,
      "precision@10": 0.39,
      "recall@10": 0.3468349428349428,
      "ndcg@10": 0.5279325434720011,
      "precision@100": 0.0764,
      "recall@100": 0.671951603951604,
      "ndcg@100": 0.6570208964255994,
      "precision@1000": 0.01022,
      "recall@1000": 0.8933585303585303,
      "ndcg@1000": 0.7052844802279159,
      "mrr@10": 0.8808333333333332,
      "map": 0.36510415384943584
    },
    "primary_score": 0.36510415384943584
  },
  "bmx": {
    "variant": "bmx",
    "k1": 1.2,
    "b": 0.75,
    "delta": null,
    "alpha": 1.0,
    "beta": 0.5,
    "metrics": {
      "precision@1": 0.86,
      "recall@1": 0.07786641136641137,
      "ndcg@1": 0.84,
      "precision@3": 0.6333333333333333,
      "recall@3": 0.1711983571983572,
      "ndcg@3": 0.6919278790407648,
      "precision@5": 0.54,
      "recall@5": 0.24124242424242426,
      "ndcg@5": 0.6244381007006926,
      "precision@10": 0.39799999999999996,
      "recall@10": 0.35500111000110995,
      "ndcg@10": 0.5410929131654854,
      "precision@100": 0.0788,
      "recall@100": 0.6934559329559329,
      "ndcg@100": 0.6753272807366976,
      "precision@1000": 0.010280000000000001,
      "recall@1000": 0.8982719502719503,
      "ndcg@1000": 0.7192911893852039,
      "mrr@10": 0.9166666666666667,
      "map": 0.3760160189546239
    },
    "primary_score": 0.3760160189546239
  }
}