{
  "method": "Hybrid (fusion: BM25-bm25+ + Emb-qwen)",
  "query_group": 2,
  "query_group_name": "expression from LLM question",
  "num_queries": 50,
  "num_queries_with_judgments": 150,
  "metrics": {
    "precision@1": 0.9,
    "recall@1": 0.07586391386391386,
    "ndcg@1": 0.8733333333333333,
    "precision@3": 0.7333333333333333,
    "recall@3": 0.18326162726162726,
    "ndcg@3": 0.7717377868580019,
    "precision@5": 0.6559999999999999,
    "recall@5": 0.27173248973248976,
    "ndcg@5": 0.720416198194694,
    "precision@10": 0.502,
    "recall@10": 0.41811854811854815,
    "ndcg@10": 0.6445511685608314,
    "precision@100": 0.09140000000000001,
    "recall@100": 0.7546176046176046,
    "ndcg@100": 0.7608644286117504,
    "precision@1000": 0.01098,
    "recall@1000": 0.9006255966255966,
    "ndcg@1000": 0.7883071308344206,
    "mrr@10": 0.95,
    "map": 0.4760058500030277
  },
  "primary_score": 0.4760058500030277,
  "variant_type": "hybrid",
  "hybrid_variant": "fusion",
  "bm25_variant": "bm25+",
  "embedding_variant": "qwen",
  "bm25_k1": 2.5,
  "bm25_b": 0.75,
  "fusion_method": "rrf",
  "fusion_norm": "min-max",
  "fusion_k": 60,
  "ranker_model": null
}