{
  "method": "Hybrid (fusion: BM25-bm25+ + Emb-alibaba)",
  "query_group": 2,
  "query_group_name": "expression from LLM question",
  "num_queries": 50,
  "num_queries_with_judgments": 150,
  "metrics": {
    "precision@1": 0.96,
    "recall@1": 0.08084559884559886,
    "ndcg@1": 0.92,
    "precision@3": 0.7666666666666667,
    "recall@3": 0.1913055833055833,
    "ndcg@3": 0.7871510487801762,
    "precision@5": 0.664,
    "recall@5": 0.2791111111111111,
    "ndcg@5": 0.7238026014237053,
    "precision@10": 0.5,
    "recall@10": 0.4183175713175713,
    "ndcg@10": 0.6409781096289806,
    "precision@100": 0.091,
    "recall@100": 0.750983904983905,
    "ndcg@100": 0.7599749261350712,
    "precision@1000": 0.01094,
    "recall@1000": 0.8956597846597846,
    "ndcg@1000": 0.7868755814272572,
    "mrr@10": 0.9766666666666667,
    "map": 0.4795917365549156
  },
  "primary_score": 0.4795917365549156,
  "variant_type": "hybrid",
  "hybrid_variant": "fusion",
  "bm25_variant": "bm25+",
  "embedding_variant": "alibaba",
  "bm25_k1": 2.5,
  "bm25_b": 0.75,
  "fusion_method": "rrf",
  "fusion_norm": "min-max",
  "fusion_k": 60,
  "ranker_model": null
}