{
  "bm25l": {
    "variant": "bm25l",
    "k1": 2.0,
    "b": 0.75,
    "delta": 1.5,
    "alpha": null,
    "beta": null,
    "metrics": {
      "precision@1": 0.88,
      "recall@1": 0.07901526251526252,
      "ndcg@1": 0.8533333333333333,
      "precision@3": 0.6333333333333333,
      "recall@3": 0.1710934620934621,
      "ndcg@3": 0.6879117523222988,
      "precision@5": 0.52,
      "recall@5": 0.23262703962703962,
      "ndcg@5": 0.6130555930634298,
      "precision@10": 0.39399999999999996,
      "recall@10": 0.35106671106671106,
      "ndcg@10": 0.539558600299791,
      "precision@100": 0.0796,
      "recall@100": 0.7000177045177045,
      "ndcg@100": 0.6813215000352264,
      "precision@1000": 0.0104,
      "recall@1000": 0.9081903651903651,
      "ndcg@1000": 0.7250670232724407,
      "mrr@10": 0.9333333333333332,
      "map": 0.3812312752302037
    },
    "primary_score": 0.3812312752302037
  }
}