{
  "robertson": {
    "variant": "robertson",
    "k1": 2.0,
    "b": 0.75,
    "delta": null,
    "alpha": null,
    "beta": null,
    "metrics": {
      "precision@1": 0.62,
      "recall@1": 0.05375015725015725,
      "ndcg@1": 0.6022222222222222,
      "precision@3": 0.4644444444444444,
      "recall@3": 0.11956610056610055,
      "ndcg@3": 0.49195506973408354,
      "precision@5": 0.40800000000000003,
      "recall@5": 0.17383190883190883,
      "ndcg@5": 0.456405787983661,
      "precision@10": 0.33133333333333337,
      "recall@10": 0.284004551004551,
      "ndcg@10": 0.421225582132962,
      "precision@100": 0.07546666666666667,
      "recall@100": 0.6355342250342251,
      "ndcg@100": 0.5672194406939571,
      "precision@1000": 0.010453333333333334,
      "recall@1000": 0.8673088763088763,
      "ndcg@1000": 0.6209010427933161,
      "mrr@10": 0.7121666666666667,
      "map": 0.29538084140581466
    },
    "primary_score": 0.29538084140581466
  },
  "lucene": {
    "variant": "lucene",
    "k1": 2.0,
    "b": 0.75,
    "delta": null,
    "alpha": null,
    "beta": null,
    "metrics": {
      "precision@1": 0.6533333333333333,
      "recall@1": 0.05651006401006401,
      "ndcg@1": 0.6355555555555555,
      "precision@3": 0.4888888888888889,
      "recall@3": 0.12540126540126542,
      "ndcg@3": 0.5219360772411007,
      "precision@5": 0.43866666666666665,
      "recall@5": 0.18655433455433457,
      "ndcg@5": 0.4875397895366827,
      "precision@10": 0.3406666666666667,
      "recall@10": 0.29127605727605727,
      "ndcg@10": 0.43879908074215973,
      "precision@100": 0.077,
      "recall@100": 0.6477900062900063,
      "ndcg@100": 0.586611002665695,
      "precision@1000": 0.010526666666666667,
      "recall@1000": 0.8730825470825471,
      "ndcg@1000": 0.638354358186605,
      "mrr@10": 0.7432777777777777,
      "map": 0.3089074000067211
    },
    "primary_score": 0.3089074000067211
  },
  "atire": {
    "variant": "atire",
    "k1": 2.0,
    "b": 0.75,
    "delta": null,
    "alpha": null,
    "beta": null,
    "metrics": {
      "precision@1": 0.6533333333333333,
      "recall@1": 0.05651006401006401,
      "ndcg@1": 0.6355555555555555,
      "precision@3": 0.4888888888888889,
      "recall@3": 0.12540126540126542,
      "ndcg@3": 0.5219360772411007,
      "precision@5": 0.43866666666666665,
      "recall@5": 0.18655433455433457,
      "ndcg@5": 0.4875397895366827,
      "precision@10": 0.3406666666666667,
      "recall@10": 0.29127605727605727,
      "ndcg@10": 0.43879908074215973,
      "precision@100": 0.077,
      "recall@100": 0.6477900062900063,
      "ndcg@100": 0.5866258276106701,
      "precision@1000": 0.010526666666666667,
      "recall@1000": 0.8730825470825471,
      "ndcg@1000": 0.6383685913691485,
      "mrr@10": 0.7432777777777777,
      "map": 0.3089299855586437
    },
    "primary_score": 0.3089299855586437
  },
  "bm25l": {
    "variant": "bm25l",
    "k1": 1.5,
    "b": 0.75,
    "delta": 1.0,
    "alpha": null,
    "beta": null,
    "metrics": {
      "precision@1": 0.66,
      "recall@1": 0.05706561956561957,
      "ndcg@1": 0.6422222222222221,
      "precision@3": 0.48222222222222216,
      "recall@3": 0.12372682872682873,
      "ndcg@3": 0.518201998638943,
      "precision@5": 0.4346666666666667,
      "recall@5": 0.18467891367891368,
      "ndcg@5": 0.4842526691870262,
      "precision@10": 0.34400000000000003,
      "recall@10": 0.2942419802419802,
      "ndcg@10": 0.4407532972302007,
      "precision@100": 0.07713333333333333,
      "recall@100": 0.6490070115070115,
      "ndcg@100": 0.5868705991063541,
      "precision@1000": 0.010579999999999999,
      "recall@1000": 0.8772409442409442,
      "ndcg@1000": 0.6396012949510689,
      "mrr@10": 0.7452777777777778,
      "map": 0.3097081652837518
    },
    "primary_score": 0.3097081652837518
  },
  "bm25+": {
    "variant": "bm25+",
    "k1": 2.0,
    "b": 0.75,
    "delta": 0.0,
    "alpha": null,
    "beta": null,
    "metrics": {
      "precision@1": 0.6533333333333333,
      "recall@1": 0.05651006401006401,
      "ndcg@1": 0.6355555555555555,
      "precision@3": 0.4888888888888889,
      "recall@3": 0.12540126540126542,
      "ndcg@3": 0.5219360772411007,
      "precision@5": 0.43866666666666665,
      "recall@5": 0.18655433455433457,
      "ndcg@5": 0.4875397895366827,
      "precision@10": 0.3406666666666667,
      "recall@10": 0.29127605727605727,
      "ndcg@10": 0.43879908074215973,
      "precision@100": 0.077,
      "recall@100": 0.6477900062900063,
      "ndcg@100": 0.5866207252302271,
      "precision@1000": 0.010526666666666667,
      "recall@1000": 0.8730825470825471,
      "ndcg@1000": 0.6383637317299071,
      "mrr@10": 0.7432777777777777,
      "map": 0.3089154884589286
    },
    "primary_score": 0.3089154884589286
  },
  "bmx": {
    "variant": "bmx",
    "k1": 0.5,
    "b": 0.0,
    "delta": null,
    "alpha": 0.5,
    "beta": 0.25,
    "metrics": {
      "precision@1": 0.64,
      "recall@1": 0.055618289118289116,
      "ndcg@1": 0.6177777777777778,
      "precision@3": 0.4955555555555555,
      "recall@3": 0.12735775335775337,
      "ndcg@3": 0.5239529652260883,
      "precision@5": 0.43600000000000005,
      "recall@5": 0.18596544196544196,
      "ndcg@5": 0.48701208261685497,
      "precision@10": 0.33466666666666667,
      "recall@10": 0.28607903207903207,
      "ndcg@10": 0.4338629627239119,
      "precision@100": 0.07713333333333333,
      "recall@100": 0.6491648536648537,
      "ndcg@100": 0.5843205705013054,
      "precision@1000": 0.01052,
      "recall@1000": 0.871952676952677,
      "ndcg@1000": 0.6360855185844646,
      "mrr@10": 0.7367010582010581,
      "map": 0.305468695528592
    },
    "primary_score": 0.305468695528592
  }
}