{
  "method": "Hybrid (ranker: BM25-bm25+ + Emb-jina)",
  "query_group": [
    1,
    2,
    3
  ],
  "query_group_name": "search log, expression from LLM question, LLM",
  "num_queries": 150,
  "num_queries_with_judgments": 150,
  "metrics": {
    "hits@1": 0.6933333333333334,
    "hits@3": 1.7133333333333334,
    "hits@5": 2.546666666666667,
    "hits@10": 4.006666666666667,
    "hits@100": 8.573333333333334,
    "hits@500": 10.393333333333333,
    "hits@1000": 11.093333333333334,
    "precision@1": 0.6933333333333334,
    "precision@3": 0.571111111111111,
    "precision@5": 0.5093333333333334,
    "precision@10": 0.4006666666666666,
    "precision@100": 0.08573333333333333,
    "precision@500": 0.02078666666666667,
    "precision@1000": 0.011093333333333332,
    "recall@1": 0.05908715358715357,
    "recall@3": 0.14529183779183777,
    "recall@5": 0.21632167832167834,
    "recall@10": 0.33937375587375584,
    "recall@100": 0.7158469678469679,
    "recall@500": 0.8617894882894882,
    "recall@1000": 0.9192407407407408,
    "ndcg@1": 0.6755555555555556,
    "ndcg@3": 0.5925232228252513,
    "ndcg@5": 0.5550915762649821,
    "ndcg@10": 0.5037705042511639,
    "ndcg@100": 0.6574608906602816,
    "ndcg@500": 0.6889762786544441,
    "ndcg@1000": 0.6968505187511483,
    "mrr": 0.8008571428571429,
    "map": 0.36372186397560197,
    "r-precision": 0.3732089762089762,
    "bpref": NaN,
    "hit_rate@10": 0.98,
    "f1@10": 0.3654247158040805,
    "query_time_mean_ms": 85311.90593896704,
    "query_time_median_ms": 82165.31231297995,
    "query_time_std_ms": 15615.233659349607,
    "query_time_min_ms": 55223.00560597796,
    "query_time_max_ms": 148444.72256395966,
    "query_time_p95_ms": 111014.78718890285,
    "query_time_p99_ms": 132483.79871472708,
    "total_queries_timed": 150
  },
  "primary_score": 0.36372186397560197,
  "evaluation_library": "ranx",
  "variant_type": "hybrid",
  "hybrid_variant": "ranker",
  "bm25_variant": "bm25+",
  "embedding_variant": "jina",
  "bm25_k1": 1.8,
  "bm25_b": 0.75,
  "fusion_method": null,
  "fusion_norm": null,
  "fusion_k": null,
  "ranker_model": "Alibaba-NLP/gte-multilingual-reranker-base"
}