{
  "method": "Hybrid (ranker: BM25-bm25+ + Emb-jina)",
  "query_group": [
    1,
    2,
    3
  ],
  "query_group_name": "search log, expression from LLM question, LLM",
  "num_queries": 150,
  "num_queries_with_judgments": 150,
  "metrics": {
    "hits@1": 0.4,
    "hits@3": 0.94,
    "hits@5": 1.3333333333333333,
    "hits@10": 2.1866666666666665,
    "hits@100": 6.26,
    "hits@500": 9.166666666666666,
    "hits@1000": 10.66,
    "precision@1": 0.4,
    "precision@3": 0.31333333333333335,
    "precision@5": 0.26666666666666666,
    "precision@10": 0.2186666666666667,
    "precision@100": 0.06259999999999999,
    "precision@500": 0.018333333333333333,
    "precision@1000": 0.010659999999999998,
    "recall@1": 0.033659673659673664,
    "recall@3": 0.0791067266067266,
    "recall@5": 0.11276628926628926,
    "recall@10": 0.18288816738816735,
    "recall@100": 0.5184147704147705,
    "recall@500": 0.7592321012321012,
    "recall@1000": 0.88312099012099,
    "ndcg@1": 0.3877777777777777,
    "ndcg@3": 0.33155500635223595,
    "ndcg@5": 0.3027388319566723,
    "ndcg@10": 0.279302117274456,
    "ndcg@100": 0.4284046080866049,
    "ndcg@500": 0.4920815233788835,
    "ndcg@1000": 0.5130126027577924,
    "mrr": 0.5145217899363246,
    "map": 0.19461864007675986,
    "r-precision": 0.20536369186369186,
    "bpref": NaN,
    "hit_rate@10": 0.7533333333333333,
    "f1@10": 0.19824684710950696,
    "query_time_mean_ms": 6433.176181766127,
    "query_time_median_ms": 6424.172548984643,
    "query_time_std_ms": 245.93796971084336,
    "query_time_min_ms": 5758.886510971934,
    "query_time_max_ms": 7190.475261944812,
    "query_time_p95_ms": 6847.511684597703,
    "query_time_p99_ms": 6985.753286568215,
    "total_queries_timed": 150
  },
  "primary_score": 0.19461864007675986,
  "evaluation_library": "ranx",
  "variant_type": "hybrid",
  "hybrid_variant": "ranker",
  "bm25_variant": "bm25+",
  "embedding_variant": "jina",
  "bm25_k1": 1.8,
  "bm25_b": 0.75,
  "fusion_method": null,
  "fusion_norm": null,
  "fusion_k": null,
  "ranker_model": "BAAI/bge-reranker-base"
}