{
  "method": "Hybrid (ranker: BM25-atire + Emb-jina)",
  "query_group": [
    3
  ],
  "query_group_name": "LLM",
  "num_queries": 50,
  "num_queries_with_judgments": 150,
  "metrics": {
    "hits@1": 0.82,
    "hits@3": 2.0,
    "hits@5": 2.98,
    "hits@10": 4.46,
    "hits@100": 8.44,
    "hits@500": 10.08,
    "hits@1000": 10.64,
    "precision@1": 0.82,
    "precision@3": 0.6666666666666665,
    "precision@5": 0.596,
    "precision@10": 0.446,
    "precision@100": 0.08440000000000002,
    "precision@500": 0.02016,
    "precision@1000": 0.01064,
    "recall@1": 0.0731105006105006,
    "recall@3": 0.17651043401043398,
    "recall@5": 0.26344610944610947,
    "recall@10": 0.39419896769896773,
    "recall@100": 0.7419433344433347,
    "recall@500": 0.8835431235431234,
    "recall@1000": 0.9325401265401264,
    "ndcg@1": 0.8066666666666665,
    "ndcg@3": 0.7078042953282977,
    "ndcg@5": 0.6661821605109991,
    "ndcg@10": 0.5854087792006274,
    "ndcg@100": 0.7183255539414284,
    "ndcg@500": 0.747003108975211,
    "ndcg@1000": 0.753693930249865,
    "mrr": 0.9033333333333334,
    "map": 0.41847299137744365,
    "r-precision": 0.42481834831834836,
    "bpref": NaN,
    "hit_rate@10": 1.0,
    "f1@10": 0.4166173893231101,
    "query_time_mean_ms": 123776.18992750067,
    "query_time_median_ms": 120330.36677353084,
    "query_time_std_ms": 24433.119401659562,
    "query_time_min_ms": 70150.90718999272,
    "query_time_max_ms": 182520.8296009805,
    "query_time_p95_ms": 159491.5063026012,
    "query_time_p99_ms": 181071.88238043222,
    "total_queries_timed": 50
  },
  "primary_score": 0.41847299137744365,
  "evaluation_library": "ranx",
  "variant_type": "hybrid",
  "hybrid_variant": "ranker",
  "bm25_variant": "atire",
  "embedding_variant": "jina",
  "bm25_k1": 0.3,
  "bm25_b": 0.75,
  "fusion_method": null,
  "fusion_norm": null,
  "fusion_k": null,
  "ranker_model": "Alibaba-NLP/gte-multilingual-reranker-base"
}