{
  "robertson": {
    "variant": "robertson",
    "k1": 2.0,
    "b": 0.5,
    "delta": null,
    "metrics": {
      "precision@1": 0.8,
      "recall@1": 0.07227167277167278,
      "ndcg@1": 0.7866666666666667,
      "precision@3": 0.6266666666666666,
      "recall@3": 0.16947807747807747,
      "ndcg@3": 0.6777771441122009,
      "precision@5": 0.508,
      "recall@5": 0.22680885780885782,
      "ndcg@5": 0.597726634810253,
      "precision@10": 0.39,
      "recall@10": 0.346021756021756,
      "ndcg@10": 0.5274810497661803,
      "precision@100": 0.0766,
      "recall@100": 0.6742135087135087,
      "ndcg@100": 0.6554481147728594,
      "precision@1000": 0.0102,
      "recall@1000": 0.8916615606615607,
      "ndcg@1000": 0.7029852833434265,
      "mrr@10": 0.885,
      "map": 0.36022465825996003
    },
    "primary_score": 0.36022465825996003
  },
  "lucene": {
    "variant": "lucene",
    "k1": 2.0,
    "b": 0.5,
    "delta": null,
    "metrics": {
      "precision@1": 0.9,
      "recall@1": 0.08083344433344433,
      "ndcg@1": 0.88,
      "precision@3": 0.6733333333333333,
      "recall@3": 0.1825992895992896,
      "ndcg@3": 0.7271896944412094,
      "precision@5": 0.536,
      "recall@5": 0.24016550116550117,
      "ndcg@5": 0.6303733588074043,
      "precision@10": 0.4,
      "recall@10": 0.35503307803307804,
      "ndcg@10": 0.5516762936243047,
      "precision@100": 0.0776,
      "recall@100": 0.6825992895992896,
      "ndcg@100": 0.6776351256686906,
      "precision@1000": 0.01024,
      "recall@1000": 0.895025197025197,
      "ndcg@1000": 0.7231312291410731,
      "mrr@10": 0.9416666666666668,
      "map": 0.376301379937323
    },
    "primary_score": 0.376301379937323
  },
  "atire": {
    "variant": "atire",
    "k1": 2.0,
    "b": 0.5,
    "delta": null,
    "metrics": {
      "precision@1": 0.9,
      "recall@1": 0.08083344433344433,
      "ndcg@1": 0.88,
      "precision@3": 0.6733333333333333,
      "recall@3": 0.1825992895992896,
      "ndcg@3": 0.7271896944412094,
      "precision@5": 0.536,
      "recall@5": 0.24016550116550117,
      "ndcg@5": 0.6303733588074043,
      "precision@10": 0.4,
      "recall@10": 0.35503307803307804,
      "ndcg@10": 0.5516762936243047,
      "precision@100": 0.0776,
      "recall@100": 0.6825992895992896,
      "ndcg@100": 0.6776026970235611,
      "precision@1000": 0.01024,
      "recall@1000": 0.895025197025197,
      "ndcg@1000": 0.7230980263944873,
      "mrr@10": 0.9416666666666668,
      "map": 0.37623092735506
    },
    "primary_score": 0.37623092735506
  },
  "bm25l": {
    "variant": "bm25l",
    "k1": 2.0,
    "b": 0.75,
    "delta": 1.5,
    "metrics": {
      "precision@1": 0.88,
      "recall@1": 0.07901526251526252,
      "ndcg@1": 0.8533333333333333,
      "precision@3": 0.6333333333333333,
      "recall@3": 0.1710934620934621,
      "ndcg@3": 0.6879117523222988,
      "precision@5": 0.52,
      "recall@5": 0.23262703962703962,
      "ndcg@5": 0.6130555930634298,
      "precision@10": 0.39399999999999996,
      "recall@10": 0.35106671106671106,
      "ndcg@10": 0.539558600299791,
      "precision@100": 0.0796,
      "recall@100": 0.7000177045177045,
      "ndcg@100": 0.6813215000352264,
      "precision@1000": 0.0104,
      "recall@1000": 0.9081903651903651,
      "ndcg@1000": 0.7250670232724407,
      "mrr@10": 0.9333333333333332,
      "map": 0.3812312752302037
    },
    "primary_score": 0.3812312752302037
  },
  "bm25+": {
    "variant": "bm25+",
    "k1": 2.0,
    "b": 0.5,
    "delta": 0.0,
    "metrics": {
      "precision@1": 0.9,
      "recall@1": 0.08083344433344433,
      "ndcg@1": 0.88,
      "precision@3": 0.6733333333333333,
      "recall@3": 0.1825992895992896,
      "ndcg@3": 0.7271896944412094,
      "precision@5": 0.536,
      "recall@5": 0.24016550116550117,
      "ndcg@5": 0.6303733588074043,
      "precision@10": 0.4,
      "recall@10": 0.35503307803307804,
      "ndcg@10": 0.5516762936243047,
      "precision@100": 0.0776,
      "recall@100": 0.6825992895992896,
      "ndcg@100": 0.6776026970235611,
      "precision@1000": 0.01024,
      "recall@1000": 0.895025197025197,
      "ndcg@1000": 0.7230980133356995,
      "mrr@10": 0.9416666666666668,
      "map": 0.37623116793097616
    },
    "primary_score": 0.37623116793097616
  }
}